{
  "categories": [
    {
      "id": 1763920809157,
      "name": "CANVA",
      "createdAt": "2025-11-23T18:00:09.157Z"
    },
    {
      "id": 1763921363303,
      "name": "CHATGPT",
      "createdAt": "2025-11-23T18:09:23.303Z"
    },
    {
      "id": 1763943110666,
      "name": "VIDIO",
      "createdAt": "2025-11-24T00:11:50.666Z"
    },
    {
      "id": 1763943314744,
      "name": "SCRIBD",
      "createdAt": "2025-11-24T00:15:14.744Z"
    },
    {
      "id": 1763943460014,
      "name": "CAPCUT",
      "createdAt": "2025-11-24T00:17:40.014Z"
    },
    {
      "id": 1764230107944,
      "name": "NETFLIX",
      "createdAt": "2025-11-27T07:55:07.944Z"
    },
    {
      "id": 1764230107945,
      "name": "VIU",
      "createdAt": "2025-11-27T07:55:07.945Z"
    },
    {
      "id": 1764230107946,
      "name": "CURSOR",
      "createdAt": "2025-11-27T07:55:07.946Z"
    },
    {
      "id": 1764230107947,
      "name": "WETV",
      "createdAt": "2025-11-27T07:55:07.947Z"
    },
    {
      "id": 1764230107948,
      "name": "PRIME VIDEO",
      "createdAt": "2025-11-27T07:55:07.948Z"
    },
    {
      "id": 1764230107949,
      "name": "VPN",
      "createdAt": "2025-11-27T07:55:07.949Z"
    }
  ]
}
