{
  "stocks": [
    {
      "id": 1763921260336.7314,
      "productCode": "canvahead",
      "detail": "aulia@sobatprem.web.id otp login chat admin",
      "status": "sold",
      "addedAt": "2025-11-23T18:07:40.336Z",
      "soldAt": "2025-11-27T15:26:11.849Z"
    },
    {
      "id": 1763921260337.4983,
      "productCode": "canvahead",
      "detail": "cnv@sobatprem.web.id otp login chat admin ya",
      "status": "sold",
      "addedAt": "2025-11-23T18:07:40.337Z",
      "soldAt": "2025-11-27T16:01:57.728Z"
    },
    {
      "id": 1763921661020.759,
      "productCode": "chatgptbs",
      "detail": "navicpmart@hieu.in : terusingat.321 generator.email/emailnya",
      "status": "sold",
      "addedAt": "2025-11-23T18:14:21.020Z",
      "soldAt": "2025-11-27T15:44:01.690Z"
    },
    {
      "id": 1763921661022.1938,
      "productCode": "chatgptbs",
      "detail": "2laynes@halamanenuy.net : terusingat.321 akses email : generator.email/emailnya",
      "status": "sold",
      "addedAt": "2025-11-23T18:14:21.022Z",
      "soldAt": "2025-11-27T15:44:01.690Z"
    },
    {
      "id": 1763921661025.5574,
      "productCode": "chatgptbs",
      "detail": "gesatteltem@gmailot.com : terusingat.321 akses email di generator.email/emailnya",
      "status": "sold",
      "addedAt": "2025-11-23T18:14:21.025Z",
      "soldAt": "2025-11-27T15:44:01.692Z"
    },
    {
      "id": 1763921661027.9082,
      "productCode": "chatgptbs",
      "detail": "ironmac@muaviagiare.com : terusingat.321 akses email di generator.email/emailnya",
      "status": "sold",
      "addedAt": "2025-11-23T18:14:21.027Z",
      "soldAt": "2025-11-27T15:44:29.673Z"
    },
    {
      "id": 1763921661030.1663,
      "productCode": "chatgptbs",
      "detail": "azerbaijanazerbaija@flameoflovedegree.com : terusingat.321 akses email di generator.email",
      "status": "sold",
      "addedAt": "2025-11-23T18:14:21.030Z",
      "soldAt": "2025-11-27T15:44:29.675Z"
    },
    {
      "id": 1763921661032.2324,
      "productCode": "chatgptbs",
      "detail": "slastinanataliy@ianz.pro : terusingat.321 akses email di generator.email",
      "status": "sold",
      "addedAt": "2025-11-23T18:14:21.032Z",
      "soldAt": "2025-11-27T15:44:29.675Z"
    },
    {
      "id": 1763921661034.084,
      "productCode": "chatgptbs",
      "detail": "bp638741@starnlink.com : terusingat.321 akses email di generator.email",
      "status": "sold",
      "addedAt": "2025-11-23T18:14:21.034Z",
      "soldAt": "2025-11-27T15:44:29.675Z"
    },
    {
      "id": 1763921661037.9197,
      "productCode": "chatgptbs",
      "detail": "nu41@cangxcut.com : terusingat.321 akses email di atp48620@kuruyuk.com : terusingat.321 akses email di generator.email",
      "status": "sold",
      "addedAt": "2025-11-23T18:14:21.037Z",
      "soldAt": "2025-11-27T15:44:29.675Z"
    },
    {
      "id": 1763943378451.342,
      "productCode": "scribd",
      "detail": "atley@chaocosen.com : terusingat.321",
      "status": "available",
      "addedAt": "2025-11-24T00:16:18.451Z"
    },
    {
      "id": 1763943378454.662,
      "productCode": "scribd",
      "detail": "pajarron@longsbkt.xyz : terusingat.321",
      "status": "available",
      "addedAt": "2025-11-24T00:16:18.454Z"
    },
    {
      "id": 1763943378456.1816,
      "productCode": "scribd",
      "detail": "marinamamon@mailphu.com : terusingat.321",
      "status": "available",
      "addedAt": "2025-11-24T00:16:18.456Z"
    },
    {
      "id": 1763952208720.3416,
      "productCode": "canvahead",
      "detail": "janci@sobatprem.web.id ( otp login chat admin )",
      "status": "sold",
      "addedAt": "2025-11-24T02:43:28.720Z",
      "soldAt": "2025-11-27T16:02:00.764Z"
    },
    {
      "id": 1764258084284.9836,
      "productCode": "chatgptbs",
      "detail": "hahasdds",
      "status": "sold",
      "addedAt": "2025-11-27T15:41:24.284Z",
      "soldAt": "2025-11-27T15:44:29.684Z"
    },
    {
      "id": 1764258084288.65,
      "productCode": "chatgptbs",
      "detail": "hahafd",
      "status": "sold",
      "addedAt": "2025-11-27T15:41:24.288Z",
      "soldAt": "2025-11-27T15:44:33.093Z"
    },
    {
      "id": 1764258084288.573,
      "productCode": "chatgptbs",
      "detail": "ddhaha",
      "status": "sold",
      "addedAt": "2025-11-27T15:41:24.288Z",
      "soldAt": "2025-11-27T15:44:33.095Z"
    },
    {
      "id": 1764258084289.9243,
      "productCode": "chatgptbs",
      "detail": "hahad",
      "status": "sold",
      "addedAt": "2025-11-27T15:41:24.289Z",
      "soldAt": "2025-11-27T15:44:33.095Z"
    },
    {
      "id": 1764258084289.158,
      "productCode": "chatgptbs",
      "detail": "haha",
      "status": "sold",
      "addedAt": "2025-11-27T15:41:24.289Z",
      "soldAt": "2025-11-27T15:44:33.095Z"
    },
    {
      "id": 1764258084290.6958,
      "productCode": "chatgptbs",
      "detail": "hahaa",
      "status": "sold",
      "addedAt": "2025-11-27T15:41:24.290Z",
      "soldAt": "2025-11-27T15:44:33.095Z"
    },
    {
      "id": 1764258084291.9253,
      "productCode": "chatgptbs",
      "detail": "hahhask",
      "status": "sold",
      "addedAt": "2025-11-27T15:41:24.291Z",
      "soldAt": "2025-11-27T15:44:33.097Z"
    },
    {
      "id": 1764258084291.4692,
      "productCode": "chatgptbs",
      "detail": "jana",
      "status": "available",
      "addedAt": "2025-11-27T15:41:24.291Z"
    },
    {
      "id": 1764258084292.641,
      "productCode": "chatgptbs",
      "detail": "ksns",
      "status": "available",
      "addedAt": "2025-11-27T15:41:24.292Z"
    },
    {
      "id": 1764258084293.3818,
      "productCode": "chatgptbs",
      "detail": "ndbxjs",
      "status": "available",
      "addedAt": "2025-11-27T15:41:24.293Z"
    },
    {
      "id": 1764259777359.3328,
      "productCode": "canvahead",
      "detail": "jjs",
      "status": "sold",
      "addedAt": "2025-11-27T16:09:37.359Z",
      "soldAt": "2025-11-27T16:11:34.206Z"
    },
    {
      "id": 1764259777362.0623,
      "productCode": "canvahead",
      "detail": "jdjs",
      "status": "sold",
      "addedAt": "2025-11-27T16:09:37.362Z",
      "soldAt": "2025-11-27T16:11:34.207Z"
    },
    {
      "id": 1764259777363.3342,
      "productCode": "canvahead",
      "detail": "ksks",
      "status": "sold",
      "addedAt": "2025-11-27T16:09:37.363Z",
      "soldAt": "2025-11-27T16:11:37.236Z"
    },
    {
      "id": 1764259777364.4512,
      "productCode": "canvahead",
      "detail": "jsjs",
      "status": "sold",
      "addedAt": "2025-11-27T16:09:37.364Z",
      "soldAt": "2025-11-27T16:11:37.237Z"
    },
    {
      "id": 1764259777364.5867,
      "productCode": "canvahead",
      "detail": "dkkss",
      "status": "sold",
      "addedAt": "2025-11-27T16:09:37.364Z",
      "soldAt": "2025-11-27T16:11:40.136Z"
    },
    {
      "id": 1764259777365.7595,
      "productCode": "canvahead",
      "detail": "skdkxn",
      "status": "sold",
      "addedAt": "2025-11-27T16:09:37.365Z",
      "soldAt": "2025-11-27T16:11:40.137Z"
    },
    {
      "id": 1764259777366.9756,
      "productCode": "canvahead",
      "detail": "skskks",
      "status": "sold",
      "addedAt": "2025-11-27T16:09:37.366Z",
      "soldAt": "2025-11-27T16:11:43.143Z"
    },
    {
      "id": 1764259777367.5442,
      "productCode": "canvahead",
      "detail": "dkdks",
      "status": "sold",
      "addedAt": "2025-11-27T16:09:37.367Z",
      "soldAt": "2025-11-27T16:11:43.143Z"
    },
    {
      "id": 1764259777368.6396,
      "productCode": "canvahead",
      "detail": "alla",
      "status": "sold",
      "addedAt": "2025-11-27T16:09:37.368Z",
      "soldAt": "2025-11-27T16:11:46.751Z"
    },
    {
      "id": 1764259777369.4082,
      "productCode": "canvahead",
      "detail": "xjdn",
      "status": "sold",
      "addedAt": "2025-11-27T16:09:37.369Z",
      "soldAt": "2025-11-27T16:11:46.752Z"
    },
    {
      "id": 1764259777369.1309,
      "productCode": "canvahead",
      "detail": "lwlqla",
      "status": "sold",
      "addedAt": "2025-11-27T16:09:37.369Z",
      "soldAt": "2025-11-27T16:23:32.105Z"
    },
    {
      "id": 1764259777371.2275,
      "productCode": "canvahead",
      "detail": "dnsns",
      "status": "sold",
      "addedAt": "2025-11-27T16:09:37.371Z",
      "soldAt": "2025-11-27T16:23:35.083Z"
    },
    {
      "id": 1764260653008.3352,
      "productCode": "canvahead",
      "detail": "jwjsjs",
      "status": "sold",
      "addedAt": "2025-11-27T16:24:13.008Z",
      "soldAt": "2025-11-27T16:25:18.084Z"
    },
    {
      "id": 1764260653011.7915,
      "productCode": "canvahead",
      "detail": "sksks",
      "status": "sold",
      "addedAt": "2025-11-27T16:24:13.011Z",
      "soldAt": "2025-11-27T16:26:10.378Z"
    },
    {
      "id": 1764260846392.3154,
      "productCode": "canvahead",
      "detail": "jwjsjs",
      "status": "sold",
      "addedAt": "2025-11-27T16:27:26.392Z",
      "soldAt": "2025-11-27T16:27:40.127Z"
    },
    {
      "id": 1764260846396.6528,
      "productCode": "canvahead",
      "detail": "sksks",
      "status": "sold",
      "addedAt": "2025-11-27T16:27:26.396Z",
      "soldAt": "2025-11-27T16:42:59.487Z"
    }
  ]
}